scenario,elapsed_s,http_code
balanced,0,200
balanced,1,200
balanced,2,200
balanced,4,200
balanced,5,200
balanced,6,200
balanced,7,200
balanced,8,200
balanced,9,200
balanced,10,200
balanced,11,200
balanced,12,200
balanced,13,200
balanced,14,200
balanced,15,200
balanced,16,200
balanced,17,200
balanced,18,200
balanced,19,200
balanced,20,200
balanced,21,200
balanced,22,200
balanced,23,200
balanced,24,200
balanced,25,200
balanced,26,200
balanced,27,200
balanced,29,200
balanced,30,200
balanced,31,200
balanced,32,200
balanced,33,200
balanced,34,200
balanced,35,200
balanced,36,200
balanced,37,200
balanced,38,200
balanced,39,200
balanced,40,200
balanced,41,200
balanced,42,200
balanced,43,200
balanced,44,200
balanced,45,200
balanced,46,200
balanced,47,200
balanced,48,200
balanced,49,200
balanced,50,200
balanced,51,200
balanced,52,200
balanced,53,200
balanced,55,200
balanced,56,200
balanced,57,200
balanced,58,200
balanced,59,200
balanced,60,200
balanced,61,200
balanced,62,200
balanced,63,200
balanced,64,200
balanced,65,200
balanced,66,200
balanced,67,200
balanced,68,200
balanced,69,200
balanced,70,200
balanced,71,200
balanced,72,200
balanced,73,200
balanced,74,200
balanced,75,200
balanced,76,200
balanced,78,200
balanced,79,200
balanced,80,200
balanced,81,200
balanced,82,200
balanced,83,200
balanced,84,200
balanced,85,200
balanced,86,200
balanced,87,200
balanced,88,200
balanced,89,200
balanced,90,200
balanced,91,200
balanced,92,200
balanced,93,200
balanced,94,200
balanced,95,200
balanced,96,200
balanced,97,200
balanced,98,200
balanced,99,200
balanced,101,200
balanced,102,200
balanced,103,200
balanced,104,200
balanced,105,200
balanced,106,200
balanced,107,200
balanced,108,200
balanced,109,200
balanced,110,200
balanced,111,200
balanced,112,200
balanced,113,200
balanced,114,200
balanced,115,200
balanced,116,200
balanced,117,200
balanced,118,200
balanced,119,200
balanced,120,200
balanced,121,200
balanced,122,200
balanced,123,200
balanced,125,200
balanced,126,200
balanced,127,200
balanced,128,200
balanced,129,200
balanced,130,200
balanced,131,200
balanced,132,200
balanced,133,200
balanced,134,200
balanced,135,200
balanced,136,200
balanced,137,200
balanced,138,200
balanced,139,200
balanced,140,200
balanced,141,200
balanced,142,200
balanced,143,200
balanced,144,200
balanced,145,200
balanced,146,200
balanced,147,200
balanced,149,200
balanced,150,200
balanced,151,200
balanced,152,200
balanced,153,200
balanced,154,200
balanced,155,200
balanced,156,200
balanced,157,200
balanced,158,200
balanced,159,200
balanced,160,200
balanced,161,200
balanced,162,200
balanced,163,200
balanced,164,200
balanced,165,200
balanced,166,200
balanced,167,200
balanced,168,200
balanced,169,200
balanced,170,200
balanced,171,200
balanced,173,200
balanced,174,200
balanced,175,200
balanced,176,200
balanced,177,200
balanced,178,200
balanced,179,200
balanced,180,200
balanced,181,200
balanced,182,200
balanced,183,200
balanced,184,200
balanced,185,200
balanced,186,200
balanced,187,200
balanced,188,200
balanced,189,200
balanced,190,200
balanced,191,200
balanced,192,200
balanced,193,200
balanced,194,200
balanced,196,200
balanced,197,200
balanced,198,200
balanced,199,200
balanced,200,200
balanced,201,200
balanced,202,200
balanced,203,200
balanced,204,200
balanced,205,200
balanced,206,200
balanced,207,200
balanced,208,200
balanced,209,200
balanced,210,200
balanced,211,200
balanced,212,200
balanced,213,200
balanced,214,200
balanced,215,200
balanced,216,200
balanced,217,200
balanced,218,200
balanced,220,200
balanced,221,200
balanced,222,200
balanced,223,200
balanced,224,200
balanced,225,200
balanced,226,200
balanced,227,200
balanced,228,200
balanced,229,200
balanced,230,200
balanced,231,200
balanced,232,200
balanced,233,200
balanced,234,200
balanced,235,200
balanced,236,200
balanced,237,200
balanced,238,200
balanced,239,200
balanced,240,200
balanced,241,200
balanced,243,200
balanced,244,200
balanced,245,200
balanced,246,200
balanced,247,200
balanced,248,200
balanced,249,200
balanced,250,200
balanced,251,200
balanced,252,200
balanced,253,200
balanced,254,200
balanced,255,200
balanced,256,200
balanced,257,200
balanced,258,200
balanced,259,200
balanced,260,200
balanced,261,200
balanced,262,200
balanced,263,200
balanced,264,200
balanced,265,200
balanced,267,200
balanced,268,200
balanced,269,200
balanced,270,200
balanced,271,200
balanced,272,200
balanced,273,200
balanced,274,200
balanced,275,200
balanced,276,200
balanced,277,200
balanced,278,200
balanced,279,200
balanced,280,200
balanced,281,200
balanced,282,200
balanced,283,200
balanced,284,200
balanced,285,200
balanced,286,200
balanced,287,200
balanced,288,200
balanced,289,200
balanced,291,200
balanced,292,200
balanced,293,200
balanced,294,200
balanced,295,200
balanced,296,200
balanced,297,200
balanced,298,200
balanced,299,200
balanced,300,200
balanced,301,401
moderate,0,200
moderate,1,200
moderate,2,200
moderate,3,200
moderate,4,200
moderate,5,200
moderate,6,200
moderate,7,200
moderate,8,200
moderate,9,200
moderate,10,200
moderate,11,200
moderate,12,200
moderate,13,200
moderate,15,200
moderate,16,200
moderate,17,200
moderate,18,200
moderate,19,200
moderate,20,200
moderate,21,200
moderate,22,200
moderate,23,200
moderate,24,200
moderate,25,200
moderate,26,200
moderate,27,200
moderate,28,200
moderate,29,200
moderate,30,200
moderate,31,200
moderate,32,200
moderate,33,200
moderate,34,200
moderate,35,200
moderate,36,200
moderate,38,200
moderate,39,200
moderate,40,200
moderate,41,200
moderate,42,200
moderate,43,200
moderate,44,200
moderate,45,200
moderate,46,200
moderate,47,200
moderate,48,200
moderate,49,200
moderate,50,200
moderate,51,200
moderate,52,200
moderate,53,200
moderate,54,200
moderate,55,200
moderate,56,200
moderate,57,200
moderate,58,200
moderate,59,200
moderate,61,200
moderate,62,200
moderate,63,200
moderate,64,200
moderate,65,200
moderate,66,200
moderate,67,200
moderate,68,200
moderate,69,200
moderate,70,200
moderate,71,200
moderate,72,200
moderate,73,200
moderate,74,200
moderate,75,200
moderate,76,200
moderate,77,200
moderate,78,200
moderate,79,200
moderate,80,200
moderate,81,200
moderate,82,200
moderate,83,200
moderate,85,200
moderate,86,200
moderate,87,200
moderate,88,200
moderate,89,200
moderate,90,200
moderate,91,200
moderate,92,200
moderate,93,200
moderate,94,200
moderate,95,200
moderate,96,200
moderate,97,200
moderate,98,200
moderate,99,200
moderate,100,200
moderate,101,200
moderate,102,200
moderate,103,200
moderate,104,200
moderate,105,200
moderate,106,200
moderate,108,200
moderate,109,200
moderate,110,200
moderate,111,200
moderate,112,200
moderate,113,200
moderate,114,200
moderate,115,200
moderate,116,200
moderate,117,200
moderate,118,200
moderate,119,200
moderate,120,200
moderate,121,200
moderate,122,200
moderate,123,200
moderate,124,200
moderate,125,200
moderate,126,200
moderate,127,200
moderate,128,200
moderate,129,200
moderate,130,200
moderate,131,200
moderate,133,200
moderate,134,200
moderate,135,200
moderate,136,200
moderate,137,200
moderate,138,200
moderate,139,200
moderate,140,200
moderate,141,200
moderate,142,200
moderate,143,200
moderate,144,200
moderate,145,200
moderate,146,200
moderate,147,200
moderate,148,200
moderate,149,200
moderate,150,200
moderate,151,200
moderate,152,200
moderate,153,200
moderate,154,200
moderate,156,200
moderate,157,200
moderate,158,200
moderate,159,200
moderate,160,200
moderate,161,200
moderate,162,200
moderate,163,200
moderate,164,200
moderate,165,200
moderate,166,200
moderate,167,200
moderate,168,200
moderate,169,200
moderate,170,200
moderate,171,200
moderate,172,200
moderate,173,200
moderate,174,200
moderate,175,200
moderate,176,200
moderate,177,200
moderate,179,200
moderate,180,200
moderate,181,200
moderate,182,200
moderate,183,200
moderate,184,200
moderate,185,200
moderate,186,200
moderate,187,200
moderate,188,200
moderate,189,200
moderate,190,200
moderate,191,200
moderate,192,200
moderate,193,200
moderate,194,200
moderate,195,200
moderate,196,200
moderate,197,200
moderate,198,200
moderate,199,200
moderate,201,200
moderate,202,200
moderate,203,200
moderate,204,200
moderate,205,200
moderate,206,200
moderate,207,200
moderate,208,200
moderate,209,200
moderate,210,200
moderate,211,200
moderate,212,200
moderate,213,200
moderate,214,200
moderate,215,200
moderate,216,200
moderate,217,200
moderate,218,200
moderate,219,200
moderate,220,200
moderate,221,200
moderate,223,200
moderate,224,200
moderate,225,200
moderate,226,200
moderate,227,200
moderate,228,200
moderate,229,200
moderate,230,200
moderate,231,200
moderate,232,200
moderate,233,200
moderate,234,200
moderate,235,200
moderate,236,200
moderate,237,200
moderate,238,200
moderate,239,200
moderate,240,200
moderate,241,200
moderate,242,200
moderate,243,200
moderate,245,200
moderate,246,200
moderate,247,200
moderate,248,200
moderate,249,200
moderate,250,200
moderate,251,200
moderate,252,200
moderate,253,200
moderate,254,200
moderate,255,200
moderate,256,200
moderate,257,200
moderate,258,200
moderate,259,200
moderate,260,200
moderate,261,200
moderate,262,200
moderate,263,200
moderate,264,200
moderate,265,200
moderate,266,200
moderate,267,200
moderate,268,200
moderate,270,200
moderate,271,200
moderate,272,200
moderate,273,200
moderate,274,200
moderate,275,200
moderate,276,200
moderate,277,200
moderate,278,200
moderate,279,200
moderate,280,200
moderate,281,200
moderate,282,200
moderate,283,200
moderate,284,200
moderate,285,200
moderate,286,200
moderate,287,200
moderate,288,200
moderate,289,200
moderate,290,200
moderate,291,200
moderate,292,200
moderate,294,200
moderate,295,200
moderate,296,200
moderate,297,200
moderate,298,200
moderate,299,200
moderate,300,200
moderate,301,200
moderate,302,200
moderate,303,200
moderate,304,200
moderate,305,200
moderate,306,200
moderate,307,200
moderate,308,200
moderate,309,200
moderate,310,200
moderate,311,200
moderate,312,200
moderate,313,200
moderate,314,200
moderate,315,200
moderate,316,200
moderate,318,200
moderate,319,200
moderate,320,200
moderate,321,200
moderate,322,200
moderate,323,200
moderate,324,200
moderate,325,200
moderate,326,200
moderate,327,200
moderate,328,200
moderate,329,200
moderate,330,200
moderate,331,200
moderate,332,200
moderate,333,200
moderate,334,200
moderate,335,200
moderate,336,200
moderate,337,200
moderate,338,200
moderate,339,200
moderate,340,200
moderate,342,200
moderate,343,200
moderate,344,200
moderate,345,200
moderate,346,200
moderate,347,200
moderate,348,200
moderate,349,200
moderate,350,200
moderate,351,200
moderate,352,200
moderate,353,200
moderate,354,200
moderate,355,200
moderate,356,200
moderate,357,200
moderate,358,200
moderate,359,200
moderate,360,200
moderate,361,200
moderate,362,200
moderate,363,200
moderate,365,200
moderate,366,200
moderate,367,200
moderate,368,200
moderate,369,200
moderate,370,200
moderate,371,200
moderate,372,200
moderate,373,200
moderate,374,200
moderate,375,200
moderate,376,200
moderate,377,200
moderate,378,200
moderate,379,200
moderate,380,200
moderate,381,200
moderate,382,200
moderate,383,200
moderate,384,200
moderate,385,200
moderate,386,200
moderate,388,200
moderate,389,200
moderate,390,200
moderate,391,200
moderate,392,200
moderate,393,200
moderate,394,200
moderate,395,200
moderate,396,200
moderate,397,200
moderate,398,200
moderate,399,200
moderate,400,200
moderate,401,200
moderate,402,200
moderate,403,200
moderate,404,200
moderate,405,200
moderate,406,200
moderate,407,200
moderate,408,200
moderate,409,200
moderate,410,200
moderate,412,200
moderate,413,200
moderate,414,200
moderate,415,200
moderate,416,200
moderate,417,200
moderate,418,200
moderate,419,200
moderate,420,200
moderate,421,200
moderate,422,200
moderate,423,200
moderate,424,200
moderate,425,200
moderate,426,200
moderate,427,200
moderate,428,200
moderate,429,200
moderate,430,200
moderate,431,200
moderate,432,200
moderate,433,200
moderate,434,200
moderate,436,200
moderate,437,200
moderate,438,200
moderate,439,200
moderate,440,200
moderate,441,200
moderate,442,200
moderate,443,200
moderate,444,200
moderate,445,200
moderate,446,200
moderate,447,200
moderate,448,200
moderate,449,200
moderate,450,200
moderate,451,200
moderate,452,200
moderate,453,200
moderate,454,200
moderate,455,200
moderate,456,200
moderate,457,200
moderate,458,200
moderate,460,200
moderate,461,200
moderate,462,200
moderate,463,200
moderate,464,200
moderate,465,200
moderate,466,200
moderate,467,200
moderate,468,200
moderate,469,200
moderate,470,200
moderate,471,200
moderate,472,200
moderate,473,200
moderate,474,200
moderate,475,200
moderate,476,200
moderate,477,200
moderate,478,200
moderate,479,200
moderate,480,200
moderate,481,200
moderate,482,200
moderate,484,200
moderate,485,200
moderate,486,200
moderate,487,200
moderate,488,200
moderate,489,200
moderate,490,200
moderate,491,200
moderate,492,200
moderate,493,200
moderate,494,200
moderate,495,200
moderate,496,200
moderate,497,200
moderate,498,200
moderate,499,200
moderate,500,200
moderate,501,200
moderate,502,200
moderate,503,200
moderate,504,200
moderate,505,200
moderate,506,200
moderate,507,200
moderate,509,200
moderate,510,200
moderate,511,200
moderate,512,200
moderate,513,200
moderate,514,200
moderate,515,200
moderate,516,200
moderate,517,200
moderate,518,200
moderate,519,200
moderate,520,200
moderate,521,200
moderate,522,200
moderate,523,200
moderate,524,200
moderate,525,200
moderate,526,200
moderate,527,200
moderate,528,200
moderate,529,200
moderate,530,200
moderate,531,200
moderate,532,200
moderate,533,200
moderate,534,200
moderate,536,200
moderate,537,200
moderate,538,200
moderate,539,200
moderate,540,200
moderate,541,200
moderate,542,200
moderate,543,200
moderate,544,200
moderate,545,200
moderate,546,200
moderate,547,200
moderate,548,200
moderate,549,200
moderate,550,200
moderate,551,200
moderate,552,200
moderate,553,200
moderate,554,200
moderate,555,200
moderate,556,200
moderate,557,200
moderate,558,200
moderate,559,200
moderate,560,200
moderate,562,200
moderate,563,200
moderate,564,200
moderate,565,200
moderate,566,200
moderate,567,200
moderate,568,200
moderate,569,200
moderate,570,200
moderate,571,200
moderate,572,200
moderate,573,200
moderate,574,200
moderate,575,200
moderate,576,200
moderate,577,200
moderate,578,200
moderate,579,200
moderate,580,200
moderate,581,200
moderate,582,200
moderate,583,200
moderate,584,200
moderate,585,200
moderate,586,200
moderate,588,200
moderate,589,200
moderate,590,200
moderate,591,200
moderate,592,200
moderate,593,200
moderate,594,200
moderate,595,200
moderate,596,200
moderate,597,200
moderate,598,200
moderate,599,200
moderate,600,200
moderate,601,401
short,0,200
short,1,200
short,2,200
short,3,200
short,4,200
short,5,200
short,6,200
short,7,200
short,8,200
short,9,200
short,10,200
short,11,200
short,12,200
short,13,200
short,14,200
short,15,200
short,17,200
short,18,200
short,19,200
short,20,200
short,21,200
short,22,200
short,23,200
short,24,200
short,25,200
short,26,200
short,27,200
short,28,200
short,29,200
short,30,200
short,31,200
short,32,200
short,33,200
short,34,200
short,35,200
short,36,200
short,37,200
short,38,200
short,39,200
short,41,200
short,42,200
short,43,200
short,44,200
short,45,200
short,46,200
short,47,200
short,48,200
short,49,200
short,50,200
short,51,200
short,52,200
short,53,200
short,54,200
short,55,200
short,56,200
short,57,200
short,58,200
short,59,200
short,60,200
short,61,200
short,62,200
short,63,200
short,64,200
short,66,200
short,67,200
short,68,200
short,69,200
short,70,200
short,71,200
short,72,200
short,73,200
short,74,200
short,75,200
short,76,200
short,77,200
short,78,200
short,79,200
short,80,200
short,81,200
short,82,200
short,83,200
short,84,200
short,85,200
short,86,200
short,87,200
short,88,200
short,90,200
short,91,200
short,92,200
short,93,200
short,94,200
short,95,200
short,96,200
short,97,200
short,98,200
short,99,200
short,100,200
short,101,200
short,102,200
short,103,200
short,104,200
short,105,200
short,106,200
short,107,200
short,108,200
short,109,200
short,110,200
short,111,200
short,112,200
short,114,200
short,115,200
short,116,200
short,117,200
short,118,200
short,119,200
short,120,200
short,121,401
aggressive,0,200
aggressive,1,200
aggressive,2,200
aggressive,3,200
aggressive,5,200
aggressive,6,200
aggressive,7,200
aggressive,8,200
aggressive,9,200
aggressive,10,200
aggressive,11,200
aggressive,12,200
aggressive,13,200
aggressive,14,200
aggressive,15,200
aggressive,16,200
aggressive,17,200
aggressive,18,200
aggressive,19,200
aggressive,20,200
aggressive,21,200
aggressive,22,200
aggressive,23,200
aggressive,24,200
aggressive,25,200
aggressive,26,200
aggressive,27,200
aggressive,29,200
aggressive,30,200
aggressive,31,200
aggressive,32,200
aggressive,33,200
aggressive,34,200
aggressive,35,200
aggressive,36,200
aggressive,37,200
aggressive,38,200
aggressive,39,200
aggressive,40,200
aggressive,41,200
aggressive,42,200
aggressive,43,200
aggressive,44,200
aggressive,45,200
aggressive,46,200
aggressive,47,200
aggressive,48,200
aggressive,49,200
aggressive,50,200
aggressive,51,200
aggressive,53,200
aggressive,54,200
aggressive,55,200
aggressive,56,200
aggressive,57,200
aggressive,58,200
aggressive,59,200
aggressive,60,200
aggressive,61,401
very_aggressive,0,200
very_aggressive,1,200
very_aggressive,2,200
very_aggressive,3,200
very_aggressive,4,200
very_aggressive,5,200
very_aggressive,6,200
very_aggressive,8,200
very_aggressive,9,200
very_aggressive,10,200
very_aggressive,11,200
very_aggressive,12,200
very_aggressive,13,200
very_aggressive,14,200
very_aggressive,15,200
very_aggressive,16,200
very_aggressive,17,200
very_aggressive,18,200
very_aggressive,19,200
very_aggressive,20,200
very_aggressive,21,200
very_aggressive,22,200
very_aggressive,23,200
very_aggressive,24,200
very_aggressive,25,200
very_aggressive,26,200
very_aggressive,27,200
very_aggressive,28,200
very_aggressive,29,200
very_aggressive,30,200
very_aggressive,31,401
